{"test":[{"disk":{"took":85.98680001497269,"corruption":0,"length":10000000},"fanSpeed":0,"cpuTemp":null,"battery":36100,"currentLoad":2.6561860295916846,"time":1698189797015},{"disk":{"took":281.26810002326965,"corruption":0,"length":10000000},"fanSpeed":0,"cpuTemp":null,"battery":35625,"currentLoad":12.379469353302925,"time":1698189861431}]}